prod_name,COLLECTION,SUPPLIER,BRAND,color,pattern,category,cat_name,link,image
SB7728M,BROTHERS AND SISTERS V,YORK WALLCOVERINGS,BROTHER AND SISTER HOUSE,BLUE,GREEN,Brother and Sister,Brother and Sister,#,/images/brother_sister/SB7728M.jpg
RMK3153TB,BROTHERS AND SISTERS V,YORK WALLCOVERINGS,BROTHER AND SISTER HOUSE,WHITE,BROWN,Brother and Sister,Brother and Sister,#,/images/brother_sister/RMK3153TB.jpg
SB7720,BROTHERS AND SISTERS V,YORK WALLCOVERINGS,BROTHER AND SISTER HOUSE,BLUE,GREEN,Brother and Sister,Brother and Sister,#,/images/brother_sister/SB7720.jpg
IT7388,BROTHERS AND SISTERS V,YORK WALLCOVERINGS,BROTHER AND SISTER HOUSE,BLUE,NA,Brother and Sister,Brother and Sister,#,/images/brother_sister/IT7388.jpg
SB7721,BROTHERS AND SISTERS V,YORK WALLCOVERINGS,BROTHER AND SISTER HOUSE,BLUE,GREEN,Brother and Sister,Brother and Sister,#,/images/brother_sister/SB7721.jpg
SB7650BD,BROTHERS AND SISTERS V,YORK WALLCOVERINGS,BROTHER AND SISTER HOUSE,WHITE,ORANGE,Brother and Sister,Brother and Sister,#,/images/brother_sister/SB7650BD.jpg
WH2609,BROTHERS AND SISTERS V,YORK WALLCOVERINGS,BROTHER AND SISTER HOUSE,SILVER,NA,Brother and Sister,Brother and Sister,#,/images/brother_sister/WH2609.jpg
SB7566,BROTHERS AND SISTERS V,YORK WALLCOVERINGS,BROTHER AND SISTER HOUSE,WHITE,BLUE,Brother and Sister,Brother and Sister,#,/images/brother_sister/SB7566.jpg
SB7651BD,BROTHERS AND SISTERS V,YORK WALLCOVERINGS,BROTHER AND SISTER HOUSE,WHITE,GREEN,Brother and Sister,Brother and Sister,#,/images/brother_sister/SB7651BD.jpg
SA9112,BROTHERS AND SISTERS V,YORK WALLCOVERINGS,BROTHER AND SISTER HOUSE,WHITE,RED,Brother and Sister,Brother and Sister,#,/images/brother_sister/SA9112.jpg
SB7686,BROTHERS AND SISTERS V,YORK WALLCOVERINGS,BROTHER AND SISTER HOUSE,GREEN,BROWN,Brother and Sister,Brother and Sister,#,/images/brother_sister/SB7686.jpg
SB7679BD,BROTHERS AND SISTERS V,YORK WALLCOVERINGS,BROTHER AND SISTER HOUSE,BEIGE,PINK,Brother and Sister,Brother and Sister,#,/images/brother_sister/SB7679BD.jpg
NY4945,BROTHERS AND SISTERS V,YORK WALLCOVERINGS,BROTHER AND SISTER HOUSE,BEIGE,NA,Brother and Sister,Brother and Sister,#,/images/brother_sister/NY4945.jpg
SB7694,BROTHERS AND SISTERS V,YORK WALLCOVERINGS,BROTHER AND SISTER HOUSE,BEIGE,BROWN,Brother and Sister,Brother and Sister,#,/images/brother_sister/SB7694.jpg
SB7696,BROTHERS AND SISTERS V,YORK WALLCOVERINGS,BROTHER AND SISTER HOUSE,WHITE,BROWN,Brother and Sister,Brother and Sister,#,/images/brother_sister/SB7696.jpg
SB7678BD,BROTHERS AND SISTERS V,YORK WALLCOVERINGS,BROTHER AND SISTER HOUSE,BEIGE,PINK,Brother and Sister,Brother and Sister,#,/images/brother_sister/SB7678BD.jpg
NY4944,BROTHERS AND SISTERS V,YORK WALLCOVERINGS,BROTHER AND SISTER HOUSE,WHITE,NA,Brother and Sister,Brother and Sister,#,/images/brother_sister/NY4944.jpg
SB7695,BROTHERS AND SISTERS V,YORK WALLCOVERINGS,BROTHER AND SISTER HOUSE,GREY,PINK,Brother and Sister,Brother and Sister,#,/images/brother_sister/SB7695.jpg
SB7687,BROTHERS AND SISTERS V,YORK WALLCOVERINGS,BROTHER AND SISTER HOUSE,GREEN,BLUE,Brother and Sister,Brother and Sister,#,/images/brother_sister/SB7687.jpg
SB7706BD,BROTHERS AND SISTERS V,YORK WALLCOVERINGS,BROTHER AND SISTER HOUSE,WHITE,BROWN,Brother and Sister,Brother and Sister,#,/images/brother_sister/SB7706BD.jpg
SB7708BD,BROTHERS AND SISTERS V,YORK WALLCOVERINGS,BROTHER AND SISTER HOUSE,BLUE,RED,Brother and Sister,Brother and Sister,#,/images/brother_sister/SB7708BD.jpg
SB7707BD,BROTHERS AND SISTERS V,YORK WALLCOVERINGS,BROTHER AND SISTER HOUSE,WHITE,GREEN,Brother and Sister,Brother and Sister,#,/images/brother_sister/SB7707BD.jpg
PX8970,BROTHERS AND SISTERS V,YORK WALLCOVERINGS,BROTHER AND SISTER HOUSE,BEIGE,NA,Brother and Sister,Brother and Sister,#,/images/brother_sister/PX8970.jpg
SB7715B,BROTHERS AND SISTERS V,YORK WALLCOVERINGS,BROTHER AND SISTER HOUSE,,GREEN,Brother and Sister,Brother and Sister,#,/images/brother_sister/SB7715B.jpg
SB7665BD,BROTHERS AND SISTERS V,YORK WALLCOVERINGS,BROTHER AND SISTER HOUSE,WHITE,BLUE,Brother and Sister,Brother and Sister,#,/images/brother_sister/SB7665BD.jpg
RK4527,BROTHERS AND SISTERS V,YORK WALLCOVERINGS,BROTHER AND SISTER HOUSE,BLUE,NA,Brother and Sister,Brother and Sister,#,/images/brother_sister/RK4527.jpg
SB7671,BROTHERS AND SISTERS V,YORK WALLCOVERINGS,BROTHER AND SISTER HOUSE,WHITE,BLUE,Brother and Sister,Brother and Sister,#,/images/brother_sister/SB7671.jpg
SB7663BD,BROTHERS AND SISTERS V,YORK WALLCOVERINGS,BROTHER AND SISTER HOUSE,WHITE,GREY,Brother and Sister,Brother and Sister,#,/images/brother_sister/SB7663BD.jpg
WH2731,BROTHERS AND SISTERS V,YORK WALLCOVERINGS,BROTHER AND SISTER HOUSE,GREY,NA,Brother and Sister,Brother and Sister,#,/images/brother_sister/WH2731.jpg
SB7670,BROTHERS AND SISTERS V,YORK WALLCOVERINGS,BROTHER AND SISTER HOUSE,WHITE,BLACK,Brother and Sister,Brother and Sister,#,/images/brother_sister/SB7670.jpg
SB7553,BROTHERS AND SISTERS V,YORK WALLCOVERINGS,BROTHER AND SISTER HOUSE,WHITE,GOLD,Brother and Sister,Brother and Sister,#,/images/brother_sister/SB7553.jpg
SB7540BD,BROTHERS AND SISTERS V,YORK WALLCOVERINGS,BROTHER AND SISTER HOUSE,,BROWN,Brother and Sister,Brother and Sister,#,/images/brother_sister/SB7540BD.jpg
NY4954,BROTHERS AND SISTERS V,YORK WALLCOVERINGS,BROTHER AND SISTER HOUSE,GREY,NA,Brother and Sister,Brother and Sister,#,/images/brother_sister/NY4954.jpg
NY4952,BROTHERS AND SISTERS V,YORK WALLCOVERINGS,BROTHER AND SISTER HOUSE,WHITE,NA,Brother and Sister,Brother and Sister,#,/images/brother_sister/NY4952.jpg
SB7549,BROTHERS AND SISTERS V,YORK WALLCOVERINGS,BROTHER AND SISTER HOUSE,WHITE,BLACK,Brother and Sister,Brother and Sister,#,/images/brother_sister/SB7549.jpg
SB7548,BROTHERS AND SISTERS V,YORK WALLCOVERINGS,BROTHER AND SISTER HOUSE,WHITE,PINK,Brother and Sister,Brother and Sister,#,/images/brother_sister/SB7548.jpg
SB7557B,BROTHERS AND SISTERS V,YORK WALLCOVERINGS,BROTHER AND SISTER HOUSE,BLUE,PINK,Brother and Sister,Brother and Sister,#,/images/brother_sister/SB7557B.jpg
SB7573,BROTHERS AND SISTERS V,YORK WALLCOVERINGS,BROTHER AND SISTER HOUSE,WHITE,PINK,Brother and Sister,Brother and Sister,#,/images/brother_sister/SB7573.jpg
SB7574,BROTHERS AND SISTERS V,YORK WALLCOVERINGS,BROTHER AND SISTER HOUSE,WHITE,PINK,Brother and Sister,Brother and Sister,#,/images/brother_sister/SB7574.jpg
SB7558B,BROTHERS AND SISTERS V,YORK WALLCOVERINGS,BROTHER AND SISTER HOUSE,PINK,BLACK,Brother and Sister,Brother and Sister,#,/images/brother_sister/SB7558B.jpg
SB7564,BROTHERS AND SISTERS V,YORK WALLCOVERINGS,BROTHER AND SISTER HOUSE,WHITE,PINK,Brother and Sister,Brother and Sister,#,/images/brother_sister/SB7564.jpg
SB7572,BROTHERS AND SISTERS V,YORK WALLCOVERINGS,BROTHER AND SISTER HOUSE,WHITE,BROWN,Brother and Sister,Brother and Sister,#,/images/brother_sister/SB7572.jpg
SB7556B,BROTHERS AND SISTERS V,YORK WALLCOVERINGS,BROTHER AND SISTER HOUSE,BROWN,WHITE,Brother and Sister,Brother and Sister,#,/images/brother_sister/SB7556B.jpg
SB7568,BROTHERS AND SISTERS V,YORK WALLCOVERINGS,BROTHER AND SISTER HOUSE,WHITE,SILVER,Brother and Sister,Brother and Sister,#,/images/brother_sister/SB7568.jpg
SB7567,BROTHERS AND SISTERS V,YORK WALLCOVERINGS,BROTHER AND SISTER HOUSE,WHITE,GOLD,Brother and Sister,Brother and Sister,#,/images/brother_sister/SB7567.jpg
SB7634,BROTHERS AND SISTERS V,YORK WALLCOVERINGS,BROTHER AND SISTER HOUSE,SILVER,PURPLE,Brother and Sister,Brother and Sister,#,/images/brother_sister/SB7634.jpg
SB7631,BROTHERS AND SISTERS V,YORK WALLCOVERINGS,BROTHER AND SISTER HOUSE,SILVER,WHITE,Brother and Sister,Brother and Sister,#,/images/brother_sister/SB7631.jpg
SB7632,BROTHERS AND SISTERS V,YORK WALLCOVERINGS,BROTHER AND SISTER HOUSE,SILVER,WHITE,Brother and Sister,Brother and Sister,#,/images/brother_sister/SB7632.jpg
SB7612,BROTHERS AND SISTERS V,YORK WALLCOVERINGS,BROTHER AND SISTER HOUSE,WHITE,BLUE,Brother and Sister,Brother and Sister,#,/images/brother_sister/SB7612.jpg
SB7605B,BROTHERS AND SISTERS V,YORK WALLCOVERINGS,BROTHER AND SISTER HOUSE,WHITE,BLUE,Brother and Sister,Brother and Sister,#,/images/brother_sister/SB7605B.jpg
SB7610,BROTHERS AND SISTERS V,YORK WALLCOVERINGS,BROTHER AND SISTER HOUSE,SILVER,PINK,Brother and Sister,Brother and Sister,#,/images/brother_sister/SB7610.jpg
SB7603B,BROTHERS AND SISTERS V,YORK WALLCOVERINGS,BROTHER AND SISTER HOUSE,SILVER,PINK,Brother and Sister,Brother and Sister,#,/images/brother_sister/SB7603B.jpg
CK7709,BROTHERS AND SISTERS V,YORK WALLCOVERINGS,BROTHER AND SISTER HOUSE,WHITE,PINK,Brother and Sister,Brother and Sister,#,/images/brother_sister/CK7709.jpg
CK7703B,BROTHERS AND SISTERS V,YORK WALLCOVERINGS,BROTHER AND SISTER HOUSE,WHITE,PINK,Brother and Sister,Brother and Sister,#,/images/brother_sister/CK7703B.jpg
IF2565,BROTHERS AND SISTERS V,YORK WALLCOVERINGS,BROTHER AND SISTER HOUSE,PINK,NA,Brother and Sister,Brother and Sister,#,/images/brother_sister/IF2565.jpg
SB7611,BROTHERS AND SISTERS V,YORK WALLCOVERINGS,BROTHER AND SISTER HOUSE,WHITE,PINK,Brother and Sister,Brother and Sister,#,/images/brother_sister/SB7611.jpg
WH2729,BROTHERS AND SISTERS V,YORK WALLCOVERINGS,BROTHER AND SISTER HOUSE,PINK,NA,Brother and Sister,Brother and Sister,#,/images/brother_sister/WH2729.jpg
SB7604B,BROTHERS AND SISTERS V,YORK WALLCOVERINGS,BROTHER AND SISTER HOUSE,WHITE,PINK,Brother and Sister,Brother and Sister,#,/images/brother_sister/SB7604B.jpg
SB7500BD,BROTHERS AND SISTERS V,YORK WALLCOVERINGS,BROTHER AND SISTER HOUSE,WHITE,PINK,Brother and Sister,Brother and Sister,#,/images/brother_sister/SB7500BD.jpg
SB7509,BROTHERS AND SISTERS V,YORK WALLCOVERINGS,BROTHER AND SISTER HOUSE,WHITE,PINK,Brother and Sister,Brother and Sister,#,/images/brother_sister/SB7509.jpg
SB7518,BROTHERS AND SISTERS V,YORK WALLCOVERINGS,BROTHER AND SISTER HOUSE,WHITE,PINK,Brother and Sister,Brother and Sister,#,/images/brother_sister/SB7518.jpg
SB7519,BROTHERS AND SISTERS V,YORK WALLCOVERINGS,BROTHER AND SISTER HOUSE,WHITE,GREY,Brother and Sister,Brother and Sister,#,/images/brother_sister/SB7519.jpg
SB7502BD,BROTHERS AND SISTERS V,YORK WALLCOVERINGS,BROTHER AND SISTER HOUSE,WHITE,PINK,Brother and Sister,Brother and Sister,#,/images/brother_sister/SB7502BD.jpg
SB7510,BROTHERS AND SISTERS V,YORK WALLCOVERINGS,BROTHER AND SISTER HOUSE,WHITE,GOLD,Brother and Sister,Brother and Sister,#,/images/brother_sister/SB7510.jpg
SB7516,BROTHERS AND SISTERS V,YORK WALLCOVERINGS,BROTHER AND SISTER HOUSE,WHITE,SILVER,Brother and Sister,Brother and Sister,#,/images/brother_sister/SB7516.jpg
SB7508,BROTHERS AND SISTERS V,YORK WALLCOVERINGS,BROTHER AND SISTER HOUSE,WHITE,SILVER,Brother and Sister,Brother and Sister,#,/images/brother_sister/SB7508.jpg
SB7511,BROTHERS AND SISTERS V,YORK WALLCOVERINGS,BROTHER AND SISTER HOUSE,WHITE,PURPLE,Brother and Sister,Brother and Sister,#,/images/brother_sister/SB7511.jpg
SB7641BD,BROTHERS AND SISTERS V,YORK WALLCOVERINGS,BROTHER AND SISTER HOUSE,BEIGE,BROWN,Brother and Sister,Brother and Sister,#,/images/brother_sister/SB7641BD.jpg
WH2610,BROTHERS AND SISTERS V,YORK WALLCOVERINGS,BROTHER AND SISTER HOUSE,WHITE,NA,Brother and Sister,Brother and Sister,#,/images/brother_sister/WH2610.jpg
SB7639BD,BROTHERS AND SISTERS V,YORK WALLCOVERINGS,BROTHER AND SISTER HOUSE,BLUE,BROWN,Brother and Sister,Brother and Sister,#,/images/brother_sister/SB7639BD.jpg
RK4526,BROTHERS AND SISTERS V,YORK WALLCOVERINGS,BROTHER AND SISTER HOUSE,BLUE,NA,Brother and Sister,Brother and Sister,#,/images/brother_sister/RK4526.jpg
SA9111,BROTHERS AND SISTERS V,YORK WALLCOVERINGS,BROTHER AND SISTER HOUSE,WHITE,BLUE,Brother and Sister,Brother and Sister,#,/images/brother_sister/SA9111.jpg
SB7640BD,BROTHERS AND SISTERS V,YORK WALLCOVERINGS,BROTHER AND SISTER HOUSE,WHITE,BROWN,Brother and Sister,Brother and Sister,#,/images/brother_sister/SB7640BD.jpg
KS2450,BROTHERS AND SISTERS V,YORK WALLCOVERINGS,BROTHER AND SISTER HOUSE,WHITE,BLUE,Brother and Sister,Brother and Sister,#,/images/brother_sister/KS2450.jpg
SB7759BD,BROTHERS AND SISTERS V,YORK WALLCOVERINGS,BROTHER AND SISTER HOUSE,WHITE,BLUE,Brother and Sister,Brother and Sister,#,/images/brother_sister/SB7759BD.jpg
ZB3212,BROTHERS AND SISTERS V,YORK WALLCOVERINGS,BROTHER AND SISTER HOUSE,WHITE,GREY,Brother and Sister,Brother and Sister,#,/images/brother_sister/ZB3212.jpg
ZB3206BD,BROTHERS AND SISTERS V,YORK WALLCOVERINGS,BROTHER AND SISTER HOUSE,YELLOW,BLUE,Brother and Sister,Brother and Sister,#,/images/brother_sister/ZB3206BD.jpg
ZB3211,BROTHERS AND SISTERS V,YORK WALLCOVERINGS,BROTHER AND SISTER HOUSE,YELLOW,BLUE,Brother and Sister,Brother and Sister,#,/images/brother_sister/ZB3211.jpg
SB7763,BROTHERS AND SISTERS V,YORK WALLCOVERINGS,BROTHER AND SISTER HOUSE,WHITE,BLUE,Brother and Sister,Brother and Sister,#,/images/brother_sister/SB7763.jpg
SB7760BD,BROTHERS AND SISTERS V,YORK WALLCOVERINGS,BROTHER AND SISTER HOUSE,WHITE,YELLOW,Brother and Sister,Brother and Sister,#,/images/brother_sister/SB7760BD.jpg
ZB3143BD,BROTHERS AND SISTERS V,YORK WALLCOVERINGS,BROTHER AND SISTER HOUSE,WHITE,RED,Brother and Sister,Brother and Sister,#,/images/brother_sister/ZB3143BD.jpg
ZB3155BD,BROTHERS AND SISTERS V,YORK WALLCOVERINGS,BROTHER AND SISTER HOUSE,WHITE,RED,Brother and Sister,Brother and Sister,#,/images/brother_sister/ZB3155BD.jpg
KS2449,BROTHERS AND SISTERS V,YORK WALLCOVERINGS,BROTHER AND SISTER HOUSE,WHITE,RED,Brother and Sister,Brother and Sister,#,/images/brother_sister/KS2449.jpg
ZB3149,BROTHERS AND SISTERS V,YORK WALLCOVERINGS,BROTHER AND SISTER HOUSE,WHITE,NA,Brother and Sister,Brother and Sister,#,/images/brother_sister/ZB3149.jpg
ZB3142BD,BROTHERS AND SISTERS V,YORK WALLCOVERINGS,BROTHER AND SISTER HOUSE,BEIGE,RED,Brother and Sister,Brother and Sister,#,/images/brother_sister/ZB3142BD.jpg
ZB3154BD,BROTHERS AND SISTERS V,YORK WALLCOVERINGS,BROTHER AND SISTER HOUSE,BEIGE,BLUE,Brother and Sister,Brother and Sister,#,/images/brother_sister/ZB3154BD.jpg
KS2447,BROTHERS AND SISTERS V,YORK WALLCOVERINGS,BROTHER AND SISTER HOUSE,WHITE,BLACK,Brother and Sister,Brother and Sister,#,/images/brother_sister/KS2447.jpg
ZB3148,BROTHERS AND SISTERS V,YORK WALLCOVERINGS,BROTHER AND SISTER HOUSE,BEIGE,NA,Brother and Sister,Brother and Sister,#,/images/brother_sister/ZB3148.jpg
SB7737BD,BROTHERS AND SISTERS V,YORK WALLCOVERINGS,BROTHER AND SISTER HOUSE,BLUE,BROWN,Brother and Sister,Brother and Sister,#,/images/brother_sister/SB7737BD.jpg
SB7744,BROTHERS AND SISTERS V,YORK WALLCOVERINGS,BROTHER AND SISTER HOUSE,WHITE,BLACK,Brother and Sister,Brother and Sister,#,/images/brother_sister/SB7744.jpg
SB7745,BROTHERS AND SISTERS V,YORK WALLCOVERINGS,BROTHER AND SISTER HOUSE,BEIGE,ORANGE,Brother and Sister,Brother and Sister,#,/images/brother_sister/SB7745.jpg
SB7736BD,BROTHERS AND SISTERS V,YORK WALLCOVERINGS,BROTHER AND SISTER HOUSE,BLUE,GREEN,Brother and Sister,Brother and Sister,#,/images/brother_sister/SB7736BD.jpg
RMK3053TB,BROTHERS AND SISTERS V,YORK WALLCOVERINGS,BROTHER AND SISTER HOUSE,BLUE,GREEN,Brother and Sister,Brother and Sister,#,/images/brother_sister/RMK3053TB.jpg
SB7791,BROTHERS AND SISTERS V,YORK WALLCOVERINGS,BROTHER AND SISTER HOUSE,BROWN ,BLACK,Brother and Sister,Brother and Sister,#,/images/brother_sister/SB7791.jpg
SB7754,BROTHERS AND SISTERS V,YORK WALLCOVERINGS,BROTHER AND SISTER HOUSE,WHITE,GOLD,Brother and Sister,Brother and Sister,#,/images/brother_sister/SB7754.jpg
MP4955B,BROTHERS AND SISTERS V,YORK WALLCOVERINGS,BROTHER AND SISTER HOUSE,BROWN,BLACK,Brother and Sister,Brother and Sister,#,/images/brother_sister/MP4955B.jpg
NT5882,BROTHERS AND SISTERS V,YORK WALLCOVERINGS,BROTHER AND SISTER HOUSE,BROWN ,NA,Brother and Sister,Brother and Sister,#,/images/brother_sister/NT5882.jpg
SB7747,BROTHERS AND SISTERS V,YORK WALLCOVERINGS,BROTHER AND SISTER HOUSE,BLACK,WHITE,Brother and Sister,Brother and Sister,#,/images/brother_sister/SB7747.jpg
BT2815,BROTHERS AND SISTERS V,YORK WALLCOVERINGS,BROTHER AND SISTER HOUSE,WHITE,GOLD,Brother and Sister,Brother and Sister,#,/images/brother_sister/BT2815.jpg
SB7790B,BROTHERS AND SISTERS V,YORK WALLCOVERINGS,BROTHER AND SISTER HOUSE,BEIGE,BLACK,Brother and Sister,Brother and Sister,#,/images/brother_sister/SB7790B.jpg
FK3929,BROTHERS AND SISTERS V,YORK WALLCOVERINGS,BROTHER AND SISTER HOUSE,BEIGE,NA,Brother and Sister,Brother and Sister,#,/images/brother_sister/FK3929.jpg
SB7755,BROTHERS AND SISTERS V,YORK WALLCOVERINGS,BROTHER AND SISTER HOUSE,WHITE,BLACK,Brother and Sister,Brother and Sister,#,/images/brother_sister/SB7755.jpg
SB7751B,BROTHERS AND SISTERS V,YORK WALLCOVERINGS,BROTHER AND SISTER HOUSE,WHITE,BLUE,Brother and Sister,Brother and Sister,#,/images/brother_sister/SB7751B.jpg
SB7781,BROTHERS AND SISTERS V,YORK WALLCOVERINGS,BROTHER AND SISTER HOUSE,WHITE,BLUE,Brother and Sister,Brother and Sister,#,/images/brother_sister/SB7781.jpg
ZB3347,BROTHERS AND SISTERS V,YORK WALLCOVERINGS,BROTHER AND SISTER HOUSE,BEIGE,NA,Brother and Sister,Brother and Sister,#,/images/brother_sister/ZB3347.jpg
SB7753,BROTHERS AND SISTERS V,YORK WALLCOVERINGS,BROTHER AND SISTER HOUSE,WHITE,SILVER,Brother and Sister,Brother and Sister,#,/images/brother_sister/SB7753.jpg
C1996,BROTHERS AND SISTERS V,YORK WALLCOVERINGS,BROTHER AND SISTER HOUSE,WHITE,NA,Brother and Sister,Brother and Sister,#,/images/brother_sister/C1996.jpg
