prod_name,collection,supplier,brand,color,pattern,category,cat_name,link,image
WP2481,WAVERLY_SMALL _PRINTS,YORK,WAVERLY,BLUE,SILVER,Waverly Small Print,smallprints,#,/images/WAVERLY_SMALL_PRINTS/WP2481.jpg
WP2495,WAVERLY_SMALL _PRINTS,YORK,WAVERLY,GREY,WHITE,Waverly Small Print,smallprints,#,/images/WAVERLY_SMALL_PRINTS/WP2495.jpg
WP2436,WAVERLY_SMALL _PRINTS,YORK,WAVERLY,BLUE,WHITE,Waverly Small Print,smallprints,#,/images/WAVERLY_SMALL_PRINTS/WP2436.jpg
WP2456,WAVERLY_SMALL _PRINTS,YORK,WAVERLY,GREY,NA,Waverly Small Print,smallprints,#,/images/WAVERLY_SMALL_PRINTS/WP2456.jpg
WP2458,WAVERLY_SMALL _PRINTS,YORK,WAVERLY,WHITE,YELLOW,Waverly Small Print,smallprints,#,/images/WAVERLY_SMALL_PRINTS/WP2458.jpg
WA7814,WAVERLY_SMALL _PRINTS,YORK,WAVERLY,GREEN ,GREY,Waverly Small Print,smallprints,#,/images/WAVERLY_SMALL_PRINTS/WA7814.jpg
WP2468,WAVERLY_SMALL _PRINTS,YORK,WAVERLY,SILVER,GREY,Waverly Small Print,smallprints,#,/images/WAVERLY_SMALL_PRINTS/WP2468.jpg
WP2410,WAVERLY_SMALL _PRINTS,YORK,WAVERLY,BLUE,WHITE,Waverly Small Print,smallprints,#,/images/WAVERLY_SMALL_PRINTS/WP2410.jpg
WP2401,WAVERLY_SMALL _PRINTS,YORK,WAVERLY,WHITE,GREEN,Waverly Small Print,smallprints,#,/images/WAVERLY_SMALL_PRINTS/WP2401.jpg
WA7788,WAVERLY_SMALL _PRINTS,YORK,WAVERLY,GREEN,BEIGE,Waverly Small Print,smallprints,#,/images/WAVERLY_SMALL_PRINTS/WA7788.jpg
WP2488,WAVERLY_SMALL _PRINTS,YORK,WAVERLY,BEIGE,WHITE,Waverly Small Print,smallprints,#,/images/WAVERLY_SMALL_PRINTS/WP2488.jpg
WP2487,WAVERLY_SMALL _PRINTS,YORK,WAVERLY,GREY,WHITE,Waverly Small Print,smallprints,#,/images/WAVERLY_SMALL_PRINTS/WP2487.jpg
WP2489,WAVERLY_SMALL _PRINTS,YORK,WAVERLY,BLUE,WHITE,Waverly Small Print,smallprints,#,/images/WAVERLY_SMALL_PRINTS/WP2489.jpg
WP2418,WAVERLY_SMALL _PRINTS,YORK,WAVERLY,SILVER,BLUE,Waverly Small Print,smallprints,#,/images/WAVERLY_SMALL_PRINTS/WP2418.jpg
WP2445,WAVERLY_SMALL _PRINTS,YORK,WAVERLY,BLUE,WHITE,Waverly Small Print,smallprints,#,/images/WAVERLY_SMALL_PRINTS/WP2445.jpg
ER8124,WAVERLY_SMALL _PRINTS,YORK,WAVERLY,WHITE,BLUE,Waverly Small Print,smallprints,#,/images/WAVERLY_SMALL_PRINTS/ER8124.jpg
WA7820,WAVERLY_SMALL _PRINTS,YORK,WAVERLY,GREEN,WHITE,Waverly Small Print,smallprints,#,/images/WAVERLY_SMALL_PRINTS/WA7820.jpg
WA7790,WAVERLY_SMALL _PRINTS,YORK,WAVERLY,GREEN,WHITE,Waverly Small Print,smallprints,#,/images/WAVERLY_SMALL_PRINTS/WA7790.jpg
WP2470,WAVERLY_SMALL _PRINTS,YORK,WAVERLY,BLUE,WHITE,Waverly Small Print,smallprints,#,/images/WAVERLY_SMALL_PRINTS/WP2470.jpg
WA7817,WAVERLY_SMALL _PRINTS,YORK,WAVERLY,GREEN,NA,Waverly Small Print,smallprints,#,/images/WAVERLY_SMALL_PRINTS/WA7817.jpg
WP2498,WAVERLY_SMALL _PRINTS,YORK,WAVERLY,GREEN,WHITE,Waverly Small Print,smallprints,#,/images/WAVERLY_SMALL_PRINTS/WP2498.jpg
ER8188,WAVERLY_SMALL _PRINTS,YORK,WAVERLY,WHITE,GREEN ,Waverly Small Print,smallprints,#,/images/WAVERLY_SMALL_PRINTS/ER8188.jpg
ER8242,WAVERLY_SMALL _PRINTS,YORK,WAVERLY,GREEN,NA,Waverly Small Print,smallprints,#,/images/WAVERLY_SMALL_PRINTS/ER8242.jpg
WP2473,WAVERLY_SMALL _PRINTS,YORK,WAVERLY,GREEN,WHITE,Waverly Small Print,smallprints,#,/images/WAVERLY_SMALL_PRINTS/WP2473.jpg
WP2490,WAVERLY_SMALL _PRINTS,YORK,WAVERLY,GREY,WHITE,Waverly Small Print,smallprints,#,/images/WAVERLY_SMALL_PRINTS/WP2490.jpg
ER8125,WAVERLY_SMALL _PRINTS,YORK,WAVERLY,WHITE,GREEN,Waverly Small Print,smallprints,#,/images/WAVERLY_SMALL_PRINTS/ER8125.jpg
WP2477,WAVERLY_SMALL _PRINTS,YORK,WAVERLY,GREY,WHITE,Waverly Small Print,smallprints,#,/images/WAVERLY_SMALL_PRINTS/WP2477.jpg
WP2515,WAVERLY_SMALL _PRINTS,YORK,WAVERLY,GREEN,WHITE,Waverly Small Print,smallprints,#,/images/WAVERLY_SMALL_PRINTS/WP2515.jpg
ER8237,WAVERLY_SMALL _PRINTS,YORK,WAVERLY,BEIGE,NA,Waverly Small Print,smallprints,#,/images/WAVERLY_SMALL_PRINTS/ER8237.jpg
WP2409,WAVERLY_SMALL _PRINTS,YORK,WAVERLY,GREY,WHITE,Waverly Small Print,smallprints,#,/images/WAVERLY_SMALL_PRINTS/WP2409.jpg
WP2457,WAVERLY_SMALL _PRINTS,YORK,WAVERLY,WHITE,YELLOW,Waverly Small Print,smallprints,#,/images/WAVERLY_SMALL_PRINTS/WP2457.jpg
WA7811,WAVERLY_SMALL _PRINTS,YORK,WAVERLY,BEIGE,NA,Waverly Small Print,smallprints,#,/images/WAVERLY_SMALL_PRINTS/WA7811.jpg
WP2417,WAVERLY_SMALL _PRINTS,YORK,WAVERLY,WHITE,GREY,Waverly Small Print,smallprints,#,/images/WAVERLY_SMALL_PRINTS/WP2417.jpg
WP2437,WAVERLY_SMALL _PRINTS,YORK,WAVERLY,BLACK,NA,Waverly Small Print,smallprints,#,/images/WAVERLY_SMALL_PRINTS/WP2437.jpg
WP2432,WAVERLY_SMALL _PRINTS,YORK,WAVERLY,BEIGE,NA,Waverly Small Print,smallprints,#,/images/WAVERLY_SMALL_PRINTS/WP2432.jpg
WP2403,WAVERLY_SMALL _PRINTS,YORK,WAVERLY,WHITE,GREY,Waverly Small Print,smallprints,#,/images/WAVERLY_SMALL_PRINTS/WP2403.jpg
ER8238,WAVERLY_SMALL _PRINTS,YORK,WAVERLY,BEIGE,NA,Waverly Small Print,smallprints,#,/images/WAVERLY_SMALL_PRINTS/ER8238.jpg
WP2447,WAVERLY_SMALL _PRINTS,YORK,WAVERLY,BLACK,BEIGE,Waverly Small Print,smallprints,#,/images/WAVERLY_SMALL_PRINTS/WP2447.jpg
WA7813,WAVERLY_SMALL _PRINTS,YORK,WAVERLY,BEIGE,NA,Waverly Small Print,smallprints,#,/images/WAVERLY_SMALL_PRINTS/WA7813.jpg
WA7789,WAVERLY_SMALL _PRINTS,YORK,WAVERLY,GREY,WHITE,Waverly Small Print,smallprints,#,/images/WAVERLY_SMALL_PRINTS/WA7789.jpg
ER8226,WAVERLY_SMALL _PRINTS,YORK,WAVERLY,BEIGE,WHITE,Waverly Small Print,smallprints,#,/images/WAVERLY_SMALL_PRINTS/ER8226.jpg
WP2408,WAVERLY_SMALL _PRINTS,YORK,WAVERLY,BEIGE,WHITE,Waverly Small Print,smallprints,#,/images/WAVERLY_SMALL_PRINTS/WP2408.jpg
WP2472,WAVERLY_SMALL _PRINTS,YORK,WAVERLY,BROWN,WHITE,Waverly Small Print,smallprints,#,/images/WAVERLY_SMALL_PRINTS/WP2472.jpg
ER8229,WAVERLY_SMALL _PRINTS,YORK,WAVERLY,GREY,WHITE,Waverly Small Print,smallprints,#,/images/WAVERLY_SMALL_PRINTS/ER8229.jpg
WP2416,WAVERLY_SMALL _PRINTS,YORK,WAVERLY,WHITE,BROWN,Waverly Small Print,smallprints,#,/images/WAVERLY_SMALL_PRINTS/WP2416.jpg
WP2460,WAVERLY_SMALL _PRINTS,YORK,WAVERLY,WHITE,BEIGE,Waverly Small Print,smallprints,#,/images/WAVERLY_SMALL_PRINTS/WP2460.jpg
WA7816,WAVERLY_SMALL _PRINTS,YORK,WAVERLY,BEIGE,NA,Waverly Small Print,smallprints,#,/images/WAVERLY_SMALL_PRINTS/WA7816.jpg
WA7823,WAVERLY_SMALL _PRINTS,YORK,WAVERLY,BLUE,WHITE,Waverly Small Print,smallprints,#,/images/WAVERLY_SMALL_PRINTS/WA7823.jpg
WA7825,WAVERLY_SMALL _PRINTS,YORK,WAVERLY,BEIGE,WHITE,Waverly Small Print,smallprints,#,/images/WAVERLY_SMALL_PRINTS/WA7825.jpg
WA7822,WAVERLY_SMALL _PRINTS,YORK,WAVERLY,GREY,WHITE,Waverly Small Print,smallprints,#,/images/WAVERLY_SMALL_PRINTS/WA7822.jpg
WP2443,WAVERLY_SMALL _PRINTS,YORK,WAVERLY,BEIGE,WHITE,Waverly Small Print,smallprints,#,/images/WAVERLY_SMALL_PRINTS/WP2443.jpg
WP2469,WAVERLY_SMALL _PRINTS,YORK,WAVERLY,SILVER,WHITE,Waverly Small Print,smallprints,#,/images/WAVERLY_SMALL_PRINTS/WP2469.jpg
WP2466,WAVERLY_SMALL _PRINTS,YORK,WAVERLY,WHITE,PURPLE,Waverly Small Print,smallprints,#,/images/WAVERLY_SMALL_PRINTS/WP2466.jpg
WA7812,WAVERLY_SMALL _PRINTS,YORK,WAVERLY,BROWN,PURPLE,Waverly Small Print,smallprints,#,/images/WAVERLY_SMALL_PRINTS/WA7812.jpg
WP2496,WAVERLY_SMALL _PRINTS,YORK,WAVERLY,GREY,WHITE,Waverly Small Print,smallprints,#,/images/WAVERLY_SMALL_PRINTS/WP2496.jpg
WP2482,WAVERLY_SMALL _PRINTS,YORK,WAVERLY,GREY,WHITE,Waverly Small Print,smallprints,#,/images/WAVERLY_SMALL_PRINTS/WP2482.jpg
WP2400,WAVERLY_SMALL _PRINTS,YORK,WAVERLY,WHITE,BLUE,Waverly Small Print,smallprints,#,/images/WAVERLY_SMALL_PRINTS/WP2400.jpg
WP2499,WAVERLY_SMALL _PRINTS,YORK,WAVERLY,PURPLE,GREY,Waverly Small Print,smallprints,#,/images/WAVERLY_SMALL_PRINTS/WP2499.jpg
WP2420,WAVERLY_SMALL _PRINTS,YORK,WAVERLY,WHITE,PINK,Waverly Small Print,smallprints,#,/images/WAVERLY_SMALL_PRINTS/WP2420.jpg
WP2404,WAVERLY_SMALL _PRINTS,YORK,WAVERLY,SILVER,GREEN,Waverly Small Print,smallprints,#,/images/WAVERLY_SMALL_PRINTS/WP2404.jpg
WA7815,WAVERLY_SMALL _PRINTS,YORK,WAVERLY,BEIGE,NA,Waverly Small Print,smallprints,#,/images/WAVERLY_SMALL_PRINTS/WA7815.jpg
WA7786,WAVERLY_SMALL _PRINTS,YORK,WAVERLY,BEIGE,NA,Waverly Small Print,smallprints,#,/images/WAVERLY_SMALL_PRINTS/WA7786.jpg
WP2413,WAVERLY_SMALL _PRINTS,YORK,WAVERLY,PURPLE,SILVER,Waverly Small Print,smallprints,#,/images/WAVERLY_SMALL_PRINTS/WP2413.jpg
ER8187,WAVERLY_SMALL _PRINTS,YORK,WAVERLY,WHITE,GREEN,Waverly Small Print,smallprints,#,/images/WAVERLY_SMALL_PRINTS/ER8187.jpg
WA7826,WAVERLY_SMALL _PRINTS,YORK,WAVERLY,WHITE,PURPLE,Waverly Small Print,smallprints,#,/images/WAVERLY_SMALL_PRINTS/WA7826.jpg
ER8211,WAVERLY_SMALL _PRINTS,YORK,WAVERLY,PURPLE,WHITE,Waverly Small Print,smallprints,#,/images/WAVERLY_SMALL_PRINTS/ER8211.jpg
WP2514,WAVERLY_SMALL _PRINTS,YORK,WAVERLY,WHITE,PURPLE,Waverly Small Print,smallprints,#,/images/WAVERLY_SMALL_PRINTS/WP2514.jpg
WP2444,WAVERLY_SMALL _PRINTS,YORK,WAVERLY,PINK,WHITE,Waverly Small Print,smallprints,#,/images/WAVERLY_SMALL_PRINTS/WP2444.jpg
ER8236,WAVERLY_SMALL _PRINTS,YORK,WAVERLY,BEIGE,NA,Waverly Small Print,smallprints,#,/images/WAVERLY_SMALL_PRINTS/ER8236.jpg
WP2465,WAVERLY_SMALL _PRINTS,YORK,WAVERLY,BEIGE,GREEN,Waverly Small Print,smallprints,#,/images/WAVERLY_SMALL_PRINTS/WP2465.jpg
ER8241,WAVERLY_SMALL _PRINTS,YORK,WAVERLY,ORANGE,NA,Waverly Small Print,smallprints,#,/images/WAVERLY_SMALL_PRINTS/ER8241.jpg
WP2494,WAVERLY_SMALL _PRINTS,YORK,WAVERLY,BEIGE,NA,Waverly Small Print,smallprints,#,/images/WAVERLY_SMALL_PRINTS/WP2494.jpg
WP2455,WAVERLY_SMALL _PRINTS,YORK,WAVERLY,MUSTARD,WHITE,Waverly Small Print,smallprints,#,/images/WAVERLY_SMALL_PRINTS/WP2455.jpg
WP2412,WAVERLY_SMALL _PRINTS,YORK,WAVERLY,MUSTARD,WHITE,Waverly Small Print,smallprints,#,/images/WAVERLY_SMALL_PRINTS/WP2412.jpg
WA7787,WAVERLY_SMALL _PRINTS,YORK,WAVERLY,GREY,WHITE,Waverly Small Print,smallprints,#,/images/WAVERLY_SMALL_PRINTS/WA7787.jpg
WP2497,WAVERLY_SMALL _PRINTS,YORK,WAVERLY,MUSTARD,WHITE,Waverly Small Print,smallprints,#,/images/WAVERLY_SMALL_PRINTS/WP2497.jpg
WP2512,WAVERLY_SMALL _PRINTS,YORK,WAVERLY,GREY,NA,Waverly Small Print,smallprints,#,/images/WAVERLY_SMALL_PRINTS/WP2512.jpg
ER8189,WAVERLY_SMALL _PRINTS,YORK,WAVERLY,WHITE,PINK,Waverly Small Print,smallprints,#,/images/WAVERLY_SMALL_PRINTS/ER8189.jpg
WA7821,WAVERLY_SMALL _PRINTS,YORK,WAVERLY,PINK,WHITE,Waverly Small Print,smallprints,#,/images/WAVERLY_SMALL_PRINTS/WA7821.jpg
WP2446,WAVERLY_SMALL _PRINTS,YORK,WAVERLY,MUSTARD ,WHITE,Waverly Small Print,smallprints,#,/images/WAVERLY_SMALL_PRINTS/WP2446.jpg
ER8190,WAVERLY_SMALL _PRINTS,YORK,WAVERLY,GREY,ORANGE,Waverly Small Print,smallprints,#,/images/WAVERLY_SMALL_PRINTS/ER8190.jpg
ER8239,WAVERLY_SMALL _PRINTS,YORK,WAVERLY,BLUE,NA,Waverly Small Print,smallprints,#,/images/WAVERLY_SMALL_PRINTS/ER8239.jpg
WP2435,WAVERLY_SMALL _PRINTS,YORK,WAVERLY,YELLOW,WHITE,Waverly Small Print,smallprints,#,/images/WAVERLY_SMALL_PRINTS/WP2435.jpg
WP2453,WAVERLY_SMALL _PRINTS,YORK,WAVERLY,WHITE,NA,Waverly Small Print,smallprints,#,/images/WAVERLY_SMALL_PRINTS/WP2453.jpg
ER8227,WAVERLY_SMALL _PRINTS,YORK,WAVERLY,WHITE,PINK,Waverly Small Print,smallprints,#,/images/WAVERLY_SMALL_PRINTS/ER8227.jpg
WP2433,WAVERLY_SMALL _PRINTS,YORK,WAVERLY,GREY,WHITE,Waverly Small Print,smallprints,#,/images/WAVERLY_SMALL_PRINTS/WP2433.jpg
ER8240,WAVERLY_SMALL _PRINTS,YORK,WAVERLY,PINK,NA,Waverly Small Print,smallprints,#,/images/WAVERLY_SMALL_PRINTS/ER8240.jpg
WP2480,WAVERLY_SMALL _PRINTS,YORK,WAVERLY,GREY,PINK,Waverly Small Print,smallprints,#,/images/WAVERLY_SMALL_PRINTS/WP2480.jpg
WP2421,WAVERLY_SMALL _PRINTS,YORK,WAVERLY,WHITE,GREY,Waverly Small Print,smallprints,#,/images/WAVERLY_SMALL_PRINTS/WP2421.jpg
WP2476,WAVERLY_SMALL _PRINTS,YORK,WAVERLY,BEIGE,WHITE,Waverly Small Print,smallprints,#,/images/WAVERLY_SMALL_PRINTS/WP2476.jpg
WP2434,WAVERLY_SMALL _PRINTS,YORK,WAVERLY,WHITE,BLACK,Waverly Small Print,smallprints,#,/images/WAVERLY_SMALL_PRINTS/WP2434.jpg
WP2452,WAVERLY_SMALL _PRINTS,YORK,WAVERLY,BEIGE,NA,Waverly Small Print,smallprints,#,/images/WAVERLY_SMALL_PRINTS/WP2452.jpg
WP2442,WAVERLY_SMALL _PRINTS,YORK,WAVERLY,GREY,WHITE,Waverly Small Print,smallprints,#,/images/WAVERLY_SMALL_PRINTS/WP2442.jpg
WP2448,WAVERLY_SMALL _PRINTS,YORK,WAVERLY,GREY,BLACK,Waverly Small Print,smallprints,#,/images/WAVERLY_SMALL_PRINTS/WP2448.jpg
WP2486,WAVERLY_SMALL _PRINTS,YORK,WAVERLY,GREY,WHITE,Waverly Small Print,smallprints,#,/images/WAVERLY_SMALL_PRINTS/WP2486.jpg
WP2414,WAVERLY_SMALL _PRINTS,YORK,WAVERLY,BLACK,WHITE,Waverly Small Print,smallprints,#,/images/WAVERLY_SMALL_PRINTS/WP2414.jpg
ER8230,WAVERLY_SMALL _PRINTS,YORK,WAVERLY,WHITE,BLACK,Waverly Small Print,smallprints,#,/images/WAVERLY_SMALL_PRINTS/ER8230.jpg
WA7819,WAVERLY_SMALL _PRINTS,YORK,WAVERLY,GREY,WHITE,Waverly Small Print,smallprints,#,/images/WAVERLY_SMALL_PRINTS/WA7819.jpg
ER8126,WAVERLY_SMALL _PRINTS,YORK,WAVERLY,WHITE,GREY,Waverly Small Print,smallprints,#,/images/WAVERLY_SMALL_PRINTS/ER8126.jpg
WP2479,WAVERLY_SMALL _PRINTS,YORK,WAVERLY,WHITE,BLUE,Waverly Small Print,smallprints,#,/images/WAVERLY_SMALL_PRINTS/WP2479.jpg
ER8228,WAVERLY_SMALL _PRINTS,YORK,WAVERLY,WHITE,BLUE,Waverly Small Print,smallprints,#,/images/WAVERLY_SMALL_PRINTS/ER8228.jpg
ER8212,WAVERLY_SMALL _PRINTS,YORK,WAVERLY,BLUE,NA,Waverly Small Print,smallprints,#,/images/WAVERLY_SMALL_PRINTS/ER8212.jpg
WP2516,WAVERLY_SMALL _PRINTS,YORK,WAVERLY,BLUE,WHITE,Waverly Small Print,smallprints,#,/images/WAVERLY_SMALL_PRINTS/WP2516.jpg
WP2500,WAVERLY_SMALL _PRINTS,YORK,WAVERLY,BLUE,WHITE,Waverly Small Print,smallprints,#,/images/WAVERLY_SMALL_PRINTS/WP2500.jpg
WP2411,WAVERLY_SMALL _PRINTS,YORK,WAVERLY,BLUE,WHITE,Waverly Small Print,smallprints,#,/images/WAVERLY_SMALL_PRINTS/WP2411.jpg
WP2404,WAVERLY_SMALL _PRINTS,YORK,WAVERLY,WHITE,BLUE,Waverly Small Print,smallprints,#,/images/WAVERLY_SMALL_PRINTS/WP2404.jpg
WP2513,WAVERLY_SMALL _PRINTS,YORK,WAVERLY,GREY,WHITE,Waverly Small Print,smallprints,#,/images/WAVERLY_SMALL_PRINTS/WP2513.jpg
WP2454,WAVERLY_SMALL _PRINTS,YORK,WAVERLY,BLUE,WHITE,Waverly Small Print,smallprints,#,/images/WAVERLY_SMALL_PRINTS/WP2454.jpg
WP2419,WAVERLY_SMALL _PRINTS,YORK,WAVERLY,WHITE,BLUE,Waverly Small Print,smallprints,#,/images/WAVERLY_SMALL_PRINTS/WP2419.jpg
ER8243,WAVERLY_SMALL _PRINTS,YORK,WAVERLY,BLUE,NA,Waverly Small Print,smallprints,#,/images/WAVERLY_SMALL_PRINTS/ER8243.jpg
WP2478,WAVERLY_SMALL _PRINTS,YORK,WAVERLY,BLUE,WHITE,Waverly Small Print,smallprints,#,/images/WAVERLY_SMALL_PRINTS/WP2478.jpg
ER8186,WAVERLY_SMALL _PRINTS,YORK,WAVERLY,WHITE,GREEN,Waverly Small Print,smallprints,#,/images/WAVERLY_SMALL_PRINTS/ER8186.jpg
WA7818,WAVERLY_SMALL _PRINTS,YORK,WAVERLY,WHITE,NA,Waverly Small Print,smallprints,#,/images/WAVERLY_SMALL_PRINTS/WA7818.jpg
WP2459,WAVERLY_SMALL _PRINTS,YORK,WAVERLY,WHITE,BLUE,Waverly Small Print,smallprints,#,/images/WAVERLY_SMALL_PRINTS/WP2459.jpg
WA7824,WAVERLY_SMALL _PRINTS,YORK,WAVERLY,BLUE,WHITE,Waverly Small Print,smallprints,#,/images/WAVERLY_SMALL_PRINTS/WA7824.jpg
