prod_name,Collection,supplier,brand,color,pattern,category,link,image,cat_name
YW1405,STOCKBRIDGE,YORK,PARK PLACE STUDIO,BLUE,GOLD,Stock Bridge,#,/images/stock_bridge/YW1405.jpg,stockbridge
YW1420,STOCKBRIDGE,YORK,PARK PLACE STUDIO,BLUE,GOLD,Stock Bridge,#,/images/stock_bridge/YW1420.jpg,stockbridge
YW1409,STOCKBRIDGE,YORK,PARK PLACE STUDIO,WHITE,GOLD,Stock Bridge,#,/images/stock_bridge/YW1409.jpg,stockbridge
YW1412,STOCKBRIDGE,YORK,PARK PLACE STUDIO,BLUE,GOLD,Stock Bridge,#,/images/stock_bridge/YW1412.jpg,stockbridge
YW1411,STOCKBRIDGE,YORK,PARK PLACE STUDIO,MUSTARD,GOLD,Stock Bridge,#,/images/stock_bridge/YW1411.jpg,stockbridge
YW1497,STOCKBRIDGE,YORK,PARK PLACE STUDIO,BEIGE,BLUE,Stock Bridge,#,/images/stock_bridge/YW1497.jpg,stockbridge
YW1490,STOCKBRIDGE,YORK,PARK PLACE STUDIO,BEIGE,NA,Stock Bridge,#,/images/stock_bridge/YW1490.jpg,stockbridge
YW1489,STOCKBRIDGE,YORK,PARK PLACE STUDIO,GREY,BLUE,Stock Bridge,#,/images/stock_bridge/YW1489.jpg,stockbridge
YW1505,STOCKBRIDGE,YORK,PARK PLACE STUDIO,GOLD,BLUE,Stock Bridge,#,/images/stock_bridge/YW1505.jpg,stockbridge
YW1443,STOCKBRIDGE,YORK,PARK PLACE STUDIO,GREY,NA,Stock Bridge,#,/images/stock_bridge/YW1443.jpg,stockbridge
YW1448,STOCKBRIDGE,YORK,PARK PLACE STUDIO,GREY,WHITE,Stock Bridge,#,/images/stock_bridge/YW1448.jpg,stockbridge
YW1456,STOCKBRIDGE,YORK,PARK PLACE STUDIO,BEIGE,GREEN,Stock Bridge,#,/images/stock_bridge/YW1456.jpg,stockbridge
YW1446,STOCKBRIDGE,YORK,PARK PLACE STUDIO,BEIGE,BLUE,Stock Bridge,#,/images/stock_bridge/YW1446.jpg,stockbridge
YW1464,STOCKBRIDGE,YORK,PARK PLACE STUDIO,WHITE,BLUE,Stock Bridge,#,/images/stock_bridge/YW1464.jpg,stockbridge
YW1428,STOCKBRIDGE,YORK,PARK PLACE STUDIO,BLUE,GREY,Stock Bridge,#,/images/stock_bridge/YW1428.jpg,stockbridge
YW1442,STOCKBRIDGE,YORK,PARK PLACE STUDIO,SILVER,NA,Stock Bridge,#,/images/stock_bridge/YW1442.jpg,stockbridge
YW1436,STOCKBRIDGE,YORK,PARK PLACE STUDIO,BLUE,GREY,Stock Bridge,#,/images/stock_bridge/YW1436.jpg,stockbridge
YW1475,STOCKBRIDGE,YORK,PARK PLACE STUDIO,GREEN,WHITE,Stock Bridge,#,/images/stock_bridge/YW1475.jpg,stockbridge
YW1483,STOCKBRIDGE,YORK,PARK PLACE STUDIO,GREEN,WHITE,Stock Bridge,#,/images/stock_bridge/YW1483.jpg,stockbridge
YW1498,STOCKBRIDGE,YORK,PARK PLACE STUDIO,BEIGE,BEIGE,Stock Bridge,#,/images/stock_bridge/YW1498.jpg,stockbridge
YW1492,STOCKBRIDGE,YORK,PARK PLACE STUDIO,BEIGE,NA,Stock Bridge,#,/images/stock_bridge/YW1492.jpg,stockbridge
YW1506,STOCKBRIDGE,YORK,PARK PLACE STUDIO,BEIGE,BEIGE,Stock Bridge,#,/images/stock_bridge/YW1506.jpg,stockbridge
YW1460,STOCKBRIDGE,YORK,PARK PLACE STUDIO,WHITE,PINK,Stock Bridge,#,/images/stock_bridge/YW1460.jpg,stockbridge
YW1437,STOCKBRIDGE,YORK,PARK PLACE STUDIO,WHITE,BLUE,Stock Bridge,#,/images/stock_bridge/YW1437.jpg,stockbridge
YW1468,STOCKBRIDGE,YORK,PARK PLACE STUDIO,WHITE,PINK,Stock Bridge,#,/images/stock_bridge/YW1468.jpg,stockbridge
YW1444,STOCKBRIDGE,YORK,PARK PLACE STUDIO,GREY,WHITE,Stock Bridge,#,/images/stock_bridge/YW1444.jpg,stockbridge
YW1449,STOCKBRIDGE,YORK,PARK PLACE STUDIO,BEIGE,WHITE,Stock Bridge,#,/images/stock_bridge/YW1449.jpg,stockbridge
YW1473,STOCKBRIDGE,YORK,PARK PLACE STUDIO,PINK,BEIGE,Stock Bridge,#,/images/stock_bridge/YW1473.jpg,stockbridge
YW1481,STOCKBRIDGE,YORK,PARK PLACE STUDIO,PINK,GOLD,Stock Bridge,#,/images/stock_bridge/YW1481.jpg,stockbridge
YW1499,STOCKBRIDGE,YORK,PARK PLACE STUDIO,BEIGE,PINK,Stock Bridge,#,/images/stock_bridge/YW1499.jpg,stockbridge
YW1491,STOCKBRIDGE,YORK,PARK PLACE STUDIO,PINK,NA,Stock Bridge,#,/images/stock_bridge/YW1491.jpg,stockbridge
YW1507,STOCKBRIDGE,YORK,PARK PLACE STUDIO,BEIGE,PINK,Stock Bridge,#,/images/stock_bridge/YW1507.jpg,stockbridge
YW1401,STOCKBRIDGE,YORK,PARK PLACE STUDIO,GOLD,WHITE,Stock Bridge,#,/images/stock_bridge/YW1401.jpg,stockbridge
YW1417,STOCKBRIDGE,YORK,PARK PLACE STUDIO,GOLD,WHITE,Stock Bridge,#,/images/stock_bridge/YW1417.jpg,stockbridge
YW1458,STOCKBRIDGE,YORK,PARK PLACE STUDIO,BEIGE,PINK,Stock Bridge,#,/images/stock_bridge/YW1458.jpg,stockbridge
YW1439,STOCKBRIDGE,YORK,PARK PLACE STUDIO,BEIGE,GOLD,Stock Bridge,#,/images/stock_bridge/YW1439.jpg,stockbridge
YW1466,STOCKBRIDGE,YORK,PARK PLACE STUDIO,WHITE,PINK,Stock Bridge,#,/images/stock_bridge/YW1466.jpg,stockbridge
YW1441,STOCKBRIDGE,YORK,PARK PLACE STUDIO,SILVER,NA,Stock Bridge,#,/images/stock_bridge/YW1441.jpg,stockbridge
YW1435,STOCKBRIDGE,YORK,PARK PLACE STUDIO,GREY,GREY,Stock Bridge,#,/images/stock_bridge/YW1435.jpg,stockbridge
YW1427,STOCKBRIDGE,YORK,PARK PLACE STUDIO,GREY,GREY,Stock Bridge,#,/images/stock_bridge/YW1427.jpg,stockbridge
YW1400,STOCKBRIDGE,YORK,PARK PLACE STUDIO,BLACK,BEIGE,Stock Bridge,#,/images/stock_bridge/YW1400.jpg,stockbridge
YW1408,STOCKBRIDGE,YORK,PARK PLACE STUDIO,SILVER,NA,Stock Bridge,#,/images/stock_bridge/YW1408.jpg,stockbridge
YW1416,STOCKBRIDGE,YORK,PARK PLACE STUDIO,SILVER,BLACK,Stock Bridge,#,/images/stock_bridge/YW1416.jpg,stockbridge
YW1500,STOCKBRIDGE,YORK,PARK PLACE STUDIO,BEIGE,WHITE,Stock Bridge,#,/images/stock_bridge/YW1500.jpg,stockbridge
YW1494,STOCKBRIDGE,YORK,PARK PLACE STUDIO,BEIGE,NA,Stock Bridge,#,/images/stock_bridge/YW1494.jpg,stockbridge
YW1508,STOCKBRIDGE,YORK,PARK PLACE STUDIO,BEIGE,WHITE,Stock Bridge,#,/images/stock_bridge/YW1508.jpg,stockbridge
YW1451,STOCKBRIDGE,YORK,PARK PLACE STUDIO,BEIGE,GOLD,Stock Bridge,#,/images/stock_bridge/YW1451.jpg,stockbridge
YW1445,STOCKBRIDGE,YORK,PARK PLACE STUDIO,BEIGE,GOLD,Stock Bridge,#,/images/stock_bridge/YW1445.jpg,stockbridge
YW1476,STOCKBRIDGE,YORK,PARK PLACE STUDIO,BEIGE,SILVER,Stock Bridge,#,/images/stock_bridge/YW1476.jpg,stockbridge
YW1493,STOCKBRIDGE,YORK,PARK PLACE STUDIO,BLUE,GOLD,Stock Bridge,#,/images/stock_bridge/YW1493.jpg,stockbridge
YW1424,STOCKBRIDGE,YORK,PARK PLACE STUDIO,GREY,GOLD,Stock Bridge,#,/images/stock_bridge/YW1424.jpg,stockbridge
YW1432,STOCKBRIDGE,YORK,PARK PLACE STUDIO,GREY,BEIGE,Stock Bridge,#,/images/stock_bridge/YW1432.jpg,stockbridge
YW1403,STOCKBRIDGE,YORK,PARK PLACE STUDIO,GREY,GOLD,Stock Bridge,#,/images/stock_bridge/YW1403.jpg,stockbridge
YW1410,STOCKBRIDGE,YORK,PARK PLACE STUDIO,GREY,GOLD,Stock Bridge,#,/images/stock_bridge/YW1410.jpg,stockbridge
YW1419,STOCKBRIDGE,YORK,PARK PLACE STUDIO,GREY,GOLD,Stock Bridge,#,/images/stock_bridge/YW1419.jpg,stockbridge
YW1472,STOCKBRIDGE,YORK,PARK PLACE STUDIO,BEIGE,WHITE,Stock Bridge,#,/images/stock_bridge/YW1472.jpg,stockbridge
YW1480,STOCKBRIDGE,YORK,PARK PLACE STUDIO,BEIGE,GOLD,Stock Bridge,#,/images/stock_bridge/YW1480.jpg,stockbridge
YW1426,STOCKBRIDGE,YORK,PARK PLACE STUDIO,BEIGE,NA,Stock Bridge,#,/images/stock_bridge/YW1426.jpg,stockbridge
YW1440,STOCKBRIDGE,YORK,PARK PLACE STUDIO,SILVER,NA,Stock Bridge,#,/images/stock_bridge/YW1440.jpg,stockbridge
YW1434,STOCKBRIDGE,YORK,PARK PLACE STUDIO,SILVER,WHITE,Stock Bridge,#,/images/stock_bridge/YW1434.jpg,stockbridge
YW1465,STOCKBRIDGE,YORK,PARK PLACE STUDIO,WHITE,GREY,Stock Bridge,#,/images/stock_bridge/YW1465.jpg,stockbridge
YW1447,STOCKBRIDGE,YORK,PARK PLACE STUDIO,WHITE,GREY,Stock Bridge,#,/images/stock_bridge/YW1447.jpg,stockbridge
YW1457,STOCKBRIDGE,YORK,PARK PLACE STUDIO,WHITE,BEIGE,Stock Bridge,#,/images/stock_bridge/YW1457.jpg,stockbridge
YW1438,STOCKBRIDGE,YORK,PARK PLACE STUDIO,BROWN,BEIGE,Stock Bridge,#,/images/stock_bridge/YW1438.jpg,stockbridge
YW1450,STOCKBRIDGE,YORK,PARK PLACE STUDIO,GOLD,BEIGE,Stock Bridge,#,/images/stock_bridge/YW1450.jpg,stockbridge
YW1482,STOCKBRIDGE,YORK,PARK PLACE STUDIO,BEIGE,PINK,Stock Bridge,#,/images/stock_bridge/YW1482.jpg,stockbridge
YW1474,STOCKBRIDGE,YORK,PARK PLACE STUDIO,BEIGE,PINK,Stock Bridge,#,/images/stock_bridge/YW1474.jpg,stockbridge
YW1425,STOCKBRIDGE,YORK,PARK PLACE STUDIO,BEIGE,WHITE,Stock Bridge,#,/images/stock_bridge/YW1425.jpg,stockbridge
YW1433,STOCKBRIDGE,YORK,PARK PLACE STUDIO,BEIGE,WHITE,Stock Bridge,#,/images/stock_bridge/YW1433.jpg,stockbridge
YW1404,STOCKBRIDGE,YORK,PARK PLACE STUDIO,MUSTARD,SILVER,Stock Bridge,#,/images/stock_bridge/YW1404.jpg,stockbridge
YW1418,STOCKBRIDGE,YORK,PARK PLACE STUDIO,MUSTARD,SILVER,Stock Bridge,#,/images/stock_bridge/YW1418.jpg,stockbridge
YW1496,STOCKBRIDGE,YORK,PARK PLACE STUDIO,MUSTARD,GOLD,Stock Bridge,#,/images/stock_bridge/YW1496.jpg,stockbridge
YW1488,STOCKBRIDGE,YORK,PARK PLACE STUDIO,RED,BEIGE,Stock Bridge,#,/images/stock_bridge/YW1488.jpg,stockbridge
YW1504,STOCKBRIDGE,YORK,PARK PLACE STUDIO,GREY,PINK,Stock Bridge,#,/images/stock_bridge/YW1504.jpg,stockbridge
YW1421,STOCKBRIDGE,YORK,PARK PLACE STUDIO,GOLD,RED,Stock Bridge,#,/images/stock_bridge/YW1421.jpg,stockbridge
YW1402,STOCKBRIDGE,YORK,PARK PLACE STUDIO,GOLD,RED,Stock Bridge,#,/images/stock_bridge/YW1402.jpg,stockbridge
YW1459,STOCKBRIDGE,YORK,PARK PLACE STUDIO,BROWN,BEIGE,Stock Bridge,#,/images/stock_bridge/YW1459.jpg,stockbridge
YW1467,STOCKBRIDGE,YORK,PARK PLACE STUDIO,RED,WHITE,Stock Bridge,#,/images/stock_bridge/YW1467.jpg,stockbridge
